inscricao_id,etapa_matricula,data_etapa,atendente
I-20,Inscrição,2026-09-01 08:00,Lia
I-20,Documentos,2026-09-01 08:30,Lia
I-20,Análise,2026-09-01 10:00,Nina
I-20,Matrícula confirmada,2026-09-01 11:00,Nina
I-21,Inscrição,2026-09-01 08:30,Lia
I-21,Documentos,2026-09-01 09:00,Lia
I-21,Análise,2026-09-01 13:40,Nina
I-21,Matrícula confirmada,2026-09-01 14:20,Nina
I-22,Inscrição,2026-09-01 09:00,Mia
I-22,Documentos,2026-09-01 09:30,Mia
I-22,Análise,2026-09-01 10:30,Nina
I-22,Matrícula confirmada,2026-09-01 11:30,Nina
I-23,Inscrição,2026-09-01 10:00,Lia
I-23,Documentos,2026-09-01 10:30,Lia
I-23,Análise,2026-09-01 15:30,Nina
I-23,Matrícula confirmada,2026-09-01 16:20,Nina
I-24,Inscrição,2026-09-01 11:00,Mia
I-24,Documentos,2026-09-01 11:30,Mia
I-24,Análise,2026-09-01 12:30,Nina
I-24,Matrícula confirmada,2026-09-01 13:30,Nina
I-25,Inscrição,2026-09-01 12:00,Lia
I-25,Documentos,2026-09-01 12:30,Lia
I-25,Análise,2026-09-01 17:40,Nina
I-25,Matrícula confirmada,2026-09-01 18:20,Nina