event_id,matricula_id,etapa,data_evento,responsavel
E4,P2,Documentação aprovada,2026-09-01T10:00:00Z,Equipe A
E5,P3,Inscrição recebida,2026-09-01T08:00:00Z,Equipe A
E6,P3,Documentação aprovada,2026-09-01T10:00:00Z,Equipe A
E7,P4,Inscrição recebida,2026-09-01T08:00:00Z,Equipe A
E8,P4,Documentação aprovada,2026-09-01T10:00:00Z,Equipe A
E9,P5,Inscrição recebida,2026-09-01T08:00:00Z,Equipe A
E10,P5,Documentação aprovada,2026-09-01T10:00:00Z,Equipe A
E11,P6,Inscrição recebida,2026-09-01T08:00:00Z,Equipe A
E12,P6,Documentação aprovada,2026-09-01T10:00:00Z,Equipe A
E13,P7,Inscrição recebida,2026-09-01T08:00:00Z,Equipe A
E14,P7,Documentação aprovada,2026-09-01T10:00:00Z,Equipe A
E15,P8,Inscrição recebida,2026-09-01T08:00:00Z,Equipe A
E16,P8,Documentação aprovada,2026-09-01T10:00:00Z,Equipe A
E17,P9,Inscrição recebida,2026-09-01T08:00:00Z,Equipe A
E18,P9,Documentação aprovada,2026-09-01T10:00:00Z,Equipe A
E19,P10,Inscrição recebida,2026-09-01T08:00:00Z,Equipe A
E20,P10,Documentação aprovada,2026-09-01T10:00:00Z,Equipe A
E21,P11,Inscrição recebida,2026-09-01T08:00:00Z,Equipe A
E22,P11,Documentação aprovada,2026-09-01T10:00:00Z,Equipe A
E23,P12,Inscrição recebida,2026-09-01T08:00:00Z,Equipe A
E24,P12,Documentação aprovada,2026-09-01T10:00:00Z,Equipe A
E25,P13,Inscrição recebida,2026-09-01T08:00:00Z,Equipe A
E26,P13,Documentação aprovada,2026-09-01T10:00:00Z,Equipe A
E27,P14,Inscrição recebida,2026-09-01T08:00:00Z,Equipe A
E28,P14,Documentação aprovada,2026-09-01T10:00:00Z,Equipe A
E29,P15,Inscrição recebida,2026-09-01T08:00:00Z,Equipe A
E30,P15,Documentação aprovada,2026-09-01T10:00:00Z,Equipe A
E31,P16,Inscrição recebida,2026-09-01T08:00:00Z,Equipe A
E32,P16,Documentação aprovada,2026-09-01T10:00:00Z,Equipe A
E33,P17,Inscrição recebida,2026-09-01T08:00:00Z,Equipe A
E34,P17,Documentação aprovada,2026-09-01T10:00:00Z,Equipe A
E35,P18,Inscrição recebida,2026-09-01T08:00:00Z,Equipe A
E36,P18,Documentação aprovada,2026-09-01T10:00:00Z,Equipe A
E37,P19,Inscrição recebida,2026-09-01T08:00:00Z,Equipe A
E38,P19,Documentação aprovada,2026-09-01T10:00:00Z,Equipe A
E39,P20,Inscrição recebida,2026-09-01T08:00:00Z,Equipe A
E40,P20,Documentação aprovada,2026-09-01T10:00:00Z,Equipe A
E41,P21,Inscrição recebida,2026-09-01T08:00:00Z,Equipe A
E42,P21,Documentação aprovada,2026-09-01T10:00:00Z,Equipe A
E43,P22,Inscrição recebida,2026-09-01T08:00:00Z,Equipe A
E44,P22,Documentação aprovada,2026-09-01T10:00:00Z,Equipe A
E45,P23,Inscrição recebida,2026-09-01T08:00:00Z,Equipe A
E46,P23,Documentação aprovada,2026-09-01T10:00:00Z,Equipe A
E47,P24,Inscrição recebida,2026-09-01T08:00:00Z,Equipe A
E48,P24,Documentação aprovada,2026-09-01T10:00:00Z,Equipe A
E49,P25,Inscrição recebida,2026-09-01T08:00:00Z,Equipe A
E50,P25,Documentação aprovada,2026-09-01T10:00:00Z,Equipe A
E51,P26,Inscrição recebida,2026-09-01T08:00:00Z,Equipe A
E52,P26,Documentação aprovada,2026-09-01T10:00:00Z,Equipe A
E53,P27,Inscrição recebida,2026-09-01T08:00:00Z,Equipe A
E54,P27,Documentação aprovada,2026-09-01T10:00:00Z,Equipe A
E55,P28,Inscrição recebida,2026-09-01T08:00:00Z,Equipe A
E56,P28,Documentação aprovada,2026-09-01T10:00:00Z,Equipe A
E57,P29,Inscrição recebida,2026-09-01T08:00:00Z,Equipe A
E58,P29,Documentação aprovada,2026-09-01T10:00:00Z,Equipe A
E59,P30,Inscrição recebida,2026-09-01T08:00:00Z,Equipe A
E60,P30,Documentação aprovada,2026-09-01T10:00:00Z,Equipe A
E61,P31,Inscrição recebida,2026-09-01T08:00:00Z,Equipe A
E62,P31,Documentação aprovada,2026-09-01T10:00:00Z,Equipe A
E63,P32,Inscrição recebida,2026-09-01T08:00:00Z,Equipe A
E64,P32,Documentação aprovada,2026-09-01T10:00:00Z,Equipe A
E65,P33,Inscrição recebida,2026-09-01T08:00:00Z,Equipe A
E66,P33,Documentação aprovada,2026-09-01T10:00:00Z,Equipe A
E67,P34,Inscrição recebida,2026-09-01T08:00:00Z,Equipe A
E68,P34,Documentação aprovada,2026-09-01T10:00:00Z,Equipe A
E69,P35,Inscrição recebida,2026-09-01T08:00:00Z,Equipe A
E70,P35,Documentação aprovada,2026-09-01T10:00:00Z,Equipe A
E71,P36,Inscrição recebida,2026-09-01T08:00:00Z,Equipe A
E72,P36,Documentação aprovada,2026-09-01T10:00:00Z,Equipe A
E73,P37,Inscrição recebida,2026-09-01T08:00:00Z,Equipe A
E74,P37,Documentação aprovada,2026-09-01T10:00:00Z,Equipe A
E75,P38,Inscrição recebida,2026-09-01T08:00:00Z,Equipe A
E76,P38,Documentação aprovada,2026-09-01T10:00:00Z,Equipe A
E77,P39,Inscrição recebida,2026-09-01T08:00:00Z,Equipe A
E78,P39,Documentação aprovada,2026-09-01T10:00:00Z,Equipe A
E79,P40,Inscrição recebida,2026-09-01T08:00:00Z,Equipe A
E80,P40,Documentação aprovada,2026-09-01T10:00:00Z,Equipe A
E81,P41,Inscrição recebida,2026-09-01T08:00:00Z,Equipe A
E82,P41,Documentação aprovada,2026-09-01T10:00:00Z,Equipe A
E83,P42,Inscrição recebida,2026-09-01T08:00:00Z,Equipe A
E84,P42,Documentação aprovada,2026-09-01T10:00:00Z,Equipe A
E85,P43,Inscrição recebida,2026-09-01T08:00:00Z,Equipe A
E86,P43,Documentação aprovada,2026-09-01T10:00:00Z,Equipe A
E87,P44,Inscrição recebida,2026-09-01T08:00:00Z,Equipe A
E88,P44,Documentação aprovada,2026-09-01T10:00:00Z,Equipe A
E89,P45,Inscrição recebida,2026-09-01T08:00:00Z,Equipe A
E90,P45,Documentação aprovada,2026-09-01T10:00:00Z,Equipe A
E91,P46,Inscrição recebida,2026-09-01T08:00:00Z,Equipe A
E92,P46,Documentação aprovada,2026-09-01T10:00:00Z,Equipe A
E93,P47,Inscrição recebida,2026-09-01T08:00:00Z,Equipe A
E94,P47,Documentação aprovada,2026-09-01T10:00:00Z,Equipe A
E95,P48,Inscrição recebida,2026-09-01T08:00:00Z,Equipe A
E96,P48,Documentação aprovada,2026-09-01T10:00:00Z,Equipe A
E97,P49,Inscrição recebida,2026-09-01T08:00:00Z,Equipe A
E98,P49,Documentação aprovada,2026-09-01T10:00:00Z,Equipe A
E99,P50,Inscrição recebida,2026-09-01T08:00:00Z,Equipe A
E100,P50,Documentação aprovada,2026-09-01T10:00:00Z,Equipe A
E10,P5,Documentação aprovada,2026-09-01T10:00:00Z,Equipe A
E11,P6,Inscrição recebida,2026-09-01T08:00:00Z,Equipe A
E12,P6,Documentação aprovada,2026-09-01T10:00:00Z,Equipe A
E1,P1,Inscrição recebida,2026-09-01T08:00:00Z,Equipe B
E2,P1,Documentação aprovada,2026-09-01T10:00:00Z,Equipe B
E3,P2,Inscrição recebida,2026-09-01T08:00:00Z,Equipe B
E101,P51,Inscrição recebida,2026-09-02T08:00:00Z,Equipe A
E102,P51,Documentação aprovada,2026-09-02T10:00:00Z,Equipe A
E103,P52,Inscrição recebida,2026-09-02T08:00:00Z,Equipe A
E104,P52,Documentação aprovada,2026-09-02T10:00:00Z,Equipe A
E105,P53,Inscrição recebida,2026-09-02T08:00:00Z,Equipe A
E106,P53,Documentação aprovada,2026-09-02T10:00:00Z,Equipe A
E107,P54,Inscrição recebida,2026-09-02T08:00:00Z,Equipe A
E108,P54,Documentação aprovada,2026-09-02T10:00:00Z,Equipe A
E109,P55,Inscrição recebida,2026-09-02T08:00:00Z,Equipe A
E110,P55,Documentação aprovada,2026-09-02T10:00:00Z,Equipe A
E111,P56,Inscrição recebida,2026-09-02T08:00:00Z,Equipe A
E112,P56,Documentação aprovada,2026-09-02T10:00:00Z,Equipe A
E113,P57,Inscrição recebida,2026-09-02T08:00:00Z,Equipe A
E114,P57,Documentação aprovada,2026-09-02T10:00:00Z,Equipe A
E115,P58,Inscrição recebida,2026-09-02T08:00:00Z,Equipe A
E116,P58,Documentação aprovada,2026-09-02T10:00:00Z,Equipe A
E117,P59,Inscrição recebida,2026-09-02T08:00:00Z,Equipe A
E118,P59,Documentação aprovada,2026-09-02T10:00:00Z,Equipe A
E119,P60,Inscrição recebida,2026-09-02T08:00:00Z,Equipe A
E120,P60,Documentação aprovada,2026-09-02T10:00:00Z,Equipe A
