event_id,pedido_id,etapa,data_evento,responsavel
E4,P2,Aprovado,2026-09-01T10:00:00Z,Equipe A
E5,P3,Recebido,2026-09-01T08:00:00Z,Equipe A
E6,P3,Aprovado,2026-09-01T10:00:00Z,Equipe A
E7,P4,Recebido,2026-09-01T08:00:00Z,Equipe A
E8,P4,Aprovado,2026-09-01T10:00:00Z,Equipe A
E9,P5,Recebido,2026-09-01T08:00:00Z,Equipe A
E10,P5,Aprovado,2026-09-01T10:00:00Z,Equipe A
E11,P6,Recebido,2026-09-01T08:00:00Z,Equipe A
E12,P6,Aprovado,2026-09-01T10:00:00Z,Equipe A
E13,P7,Recebido,2026-09-01T08:00:00Z,Equipe A
E14,P7,Aprovado,2026-09-01T10:00:00Z,Equipe A
E15,P8,Recebido,2026-09-01T08:00:00Z,Equipe A
E16,P8,Aprovado,2026-09-01T10:00:00Z,Equipe A
E17,P9,Recebido,2026-09-01T08:00:00Z,Equipe A
E18,P9,Aprovado,2026-09-01T10:00:00Z,Equipe A
E19,P10,Recebido,2026-09-01T08:00:00Z,Equipe A
E20,P10,Aprovado,2026-09-01T10:00:00Z,Equipe A
E21,P11,Recebido,2026-09-01T08:00:00Z,Equipe A
E22,P11,Aprovado,2026-09-01T10:00:00Z,Equipe A
E23,P12,Recebido,2026-09-01T08:00:00Z,Equipe A
E24,P12,Aprovado,2026-09-01T10:00:00Z,Equipe A
E25,P13,Recebido,2026-09-01T08:00:00Z,Equipe A
E26,P13,Aprovado,2026-09-01T10:00:00Z,Equipe A
E27,P14,Recebido,2026-09-01T08:00:00Z,Equipe A
E28,P14,Aprovado,2026-09-01T10:00:00Z,Equipe A
E29,P15,Recebido,2026-09-01T08:00:00Z,Equipe A
E30,P15,Aprovado,2026-09-01T10:00:00Z,Equipe A
E31,P16,Recebido,2026-09-01T08:00:00Z,Equipe A
E32,P16,Aprovado,2026-09-01T10:00:00Z,Equipe A
E33,P17,Recebido,2026-09-01T08:00:00Z,Equipe A
E34,P17,Aprovado,2026-09-01T10:00:00Z,Equipe A
E35,P18,Recebido,2026-09-01T08:00:00Z,Equipe A
E36,P18,Aprovado,2026-09-01T10:00:00Z,Equipe A
E37,P19,Recebido,2026-09-01T08:00:00Z,Equipe A
E38,P19,Aprovado,2026-09-01T10:00:00Z,Equipe A
E39,P20,Recebido,2026-09-01T08:00:00Z,Equipe A
E40,P20,Aprovado,2026-09-01T10:00:00Z,Equipe A
E41,P21,Recebido,2026-09-01T08:00:00Z,Equipe A
E42,P21,Aprovado,2026-09-01T10:00:00Z,Equipe A
E43,P22,Recebido,2026-09-01T08:00:00Z,Equipe A
E44,P22,Aprovado,2026-09-01T10:00:00Z,Equipe A
E45,P23,Recebido,2026-09-01T08:00:00Z,Equipe A
E46,P23,Aprovado,2026-09-01T10:00:00Z,Equipe A
E47,P24,Recebido,2026-09-01T08:00:00Z,Equipe A
E48,P24,Aprovado,2026-09-01T10:00:00Z,Equipe A
E49,P25,Recebido,2026-09-01T08:00:00Z,Equipe A
E50,P25,Aprovado,2026-09-01T10:00:00Z,Equipe A
E51,P26,Recebido,2026-09-01T08:00:00Z,Equipe A
E52,P26,Aprovado,2026-09-01T10:00:00Z,Equipe A
E53,P27,Recebido,2026-09-01T08:00:00Z,Equipe A
E54,P27,Aprovado,2026-09-01T10:00:00Z,Equipe A
E55,P28,Recebido,2026-09-01T08:00:00Z,Equipe A
E56,P28,Aprovado,2026-09-01T10:00:00Z,Equipe A
E57,P29,Recebido,2026-09-01T08:00:00Z,Equipe A
E58,P29,Aprovado,2026-09-01T10:00:00Z,Equipe A
E59,P30,Recebido,2026-09-01T08:00:00Z,Equipe A
E60,P30,Aprovado,2026-09-01T10:00:00Z,Equipe A
E61,P31,Recebido,2026-09-01T08:00:00Z,Equipe A
E62,P31,Aprovado,2026-09-01T10:00:00Z,Equipe A
E63,P32,Recebido,2026-09-01T08:00:00Z,Equipe A
E64,P32,Aprovado,2026-09-01T10:00:00Z,Equipe A
E65,P33,Recebido,2026-09-01T08:00:00Z,Equipe A
E66,P33,Aprovado,2026-09-01T10:00:00Z,Equipe A
E67,P34,Recebido,2026-09-01T08:00:00Z,Equipe A
E68,P34,Aprovado,2026-09-01T10:00:00Z,Equipe A
E69,P35,Recebido,2026-09-01T08:00:00Z,Equipe A
E70,P35,Aprovado,2026-09-01T10:00:00Z,Equipe A
E71,P36,Recebido,2026-09-01T08:00:00Z,Equipe A
E72,P36,Aprovado,2026-09-01T10:00:00Z,Equipe A
E73,P37,Recebido,2026-09-01T08:00:00Z,Equipe A
E74,P37,Aprovado,2026-09-01T10:00:00Z,Equipe A
E75,P38,Recebido,2026-09-01T08:00:00Z,Equipe A
E76,P38,Aprovado,2026-09-01T10:00:00Z,Equipe A
E77,P39,Recebido,2026-09-01T08:00:00Z,Equipe A
E78,P39,Aprovado,2026-09-01T10:00:00Z,Equipe A
E79,P40,Recebido,2026-09-01T08:00:00Z,Equipe A
E80,P40,Aprovado,2026-09-01T10:00:00Z,Equipe A
E81,P41,Recebido,2026-09-01T08:00:00Z,Equipe A
E82,P41,Aprovado,2026-09-01T10:00:00Z,Equipe A
E83,P42,Recebido,2026-09-01T08:00:00Z,Equipe A
E84,P42,Aprovado,2026-09-01T10:00:00Z,Equipe A
E85,P43,Recebido,2026-09-01T08:00:00Z,Equipe A
E86,P43,Aprovado,2026-09-01T10:00:00Z,Equipe A
E87,P44,Recebido,2026-09-01T08:00:00Z,Equipe A
E88,P44,Aprovado,2026-09-01T10:00:00Z,Equipe A
E89,P45,Recebido,2026-09-01T08:00:00Z,Equipe A
E90,P45,Aprovado,2026-09-01T10:00:00Z,Equipe A
E91,P46,Recebido,2026-09-01T08:00:00Z,Equipe A
E92,P46,Aprovado,2026-09-01T10:00:00Z,Equipe A
E93,P47,Recebido,2026-09-01T08:00:00Z,Equipe A
E94,P47,Aprovado,2026-09-01T10:00:00Z,Equipe A
E95,P48,Recebido,2026-09-01T08:00:00Z,Equipe A
E96,P48,Aprovado,2026-09-01T10:00:00Z,Equipe A
E97,P49,Recebido,2026-09-01T08:00:00Z,Equipe A
E98,P49,Aprovado,2026-09-01T10:00:00Z,Equipe A
E99,P50,Recebido,2026-09-01T08:00:00Z,Equipe A
E100,P50,Aprovado,2026-09-01T10:00:00Z,Equipe A
E10,P5,Aprovado,2026-09-01T10:00:00Z,Equipe A
E11,P6,Recebido,2026-09-01T08:00:00Z,Equipe A
E12,P6,Aprovado,2026-09-01T10:00:00Z,Equipe A
E1,P1,Recebido,2026-09-01T08:00:00Z,Equipe B
E2,P1,Aprovado,2026-09-01T10:00:00Z,Equipe B
E3,P2,Recebido,2026-09-01T08:00:00Z,Equipe B
E101,P51,Recebido,2026-09-02T08:00:00Z,Equipe A
E102,P51,Aprovado,2026-09-02T10:00:00Z,Equipe A
E103,P52,Recebido,2026-09-02T08:00:00Z,Equipe A
E104,P52,Aprovado,2026-09-02T10:00:00Z,Equipe A
E105,P53,Recebido,2026-09-02T08:00:00Z,Equipe A
E106,P53,Aprovado,2026-09-02T10:00:00Z,Equipe A
E107,P54,Recebido,2026-09-02T08:00:00Z,Equipe A
E108,P54,Aprovado,2026-09-02T10:00:00Z,Equipe A
E109,P55,Recebido,2026-09-02T08:00:00Z,Equipe A
E110,P55,Aprovado,2026-09-02T10:00:00Z,Equipe A
E111,P56,Recebido,2026-09-02T08:00:00Z,Equipe A
E112,P56,Aprovado,2026-09-02T10:00:00Z,Equipe A
E113,P57,Recebido,2026-09-02T08:00:00Z,Equipe A
E114,P57,Aprovado,2026-09-02T10:00:00Z,Equipe A
E115,P58,Recebido,2026-09-02T08:00:00Z,Equipe A
E116,P58,Aprovado,2026-09-02T10:00:00Z,Equipe A
E117,P59,Recebido,2026-09-02T08:00:00Z,Equipe A
E118,P59,Aprovado,2026-09-02T10:00:00Z,Equipe A
E119,P60,Recebido,2026-09-02T08:00:00Z,Equipe A
E120,P60,Aprovado,2026-09-02T10:00:00Z,Equipe A
